Gene,Function,PGFam,ATCC17978_sequence
gyrA,DNA gyrase subunit A (EC 5.99.1.3),PGF_03272313,MSVSEIRPIAIEDELKHSYLDYAMSVIVSRALPDVRDGLKPVHRRVLYAMHELGNDYNKAYKKSARVVGDVIGKYHPHGDSAVYETIVRMAQDFSLRYLLVDGQGNFGSIDGDSAAAMRYTEVRMTKLAHELLADLEKDTVDWEDNYDGSERIPEVLPTRVPNLLINGAAGIAVGMATNMAPHNMTEVVNACLAYADNPNISIEGLMEYITGPDFPTGGIIYGKSGIVDAYRTGKGRLHIRGKYHFEEDEKTGRTTIVFTEIPYQVNKARVIERIAELVKEKKLEGISELRDESDKEGMRIAIDLKRGENAEVVVNNLFLNTQLENSFSINMVCLDNGQPKLMNLKDIIAAFIRHRQEVVTRRTMFELRKARERGHILEGLTVALANIDEIIETIKTSANPAEARERLLAGEWAGGGVVALLEKAGAISVRPDEIEGEDPNRPFGLSDSIYRLSPTQVGAILELRLHRLTGLEQDKLHAEYTEILGQIAELTAILNDFNLLMGVIREELAQVLQQYGDARRTEIVESRVDFCREDLIPEEQVVLTVSQTGYAKTQPLSDYQAQRRGGRGKSATSMKDDDFIQHLIVASNHATVLCFTNVGKVYRLKVFEVPQASRGAKGRPIVNLLPLDATETVTAILPLTEFPENHYVFMATASGTVKRVELEQFANIRSNGLRAIELNEEDTLIGVAITDGNQQIMLFSNEGKAIRFAETDVRAMGRTAKGVRGMRVSFASSTLSEEDADVENDDSDDNDDSADSSLVSRIVSLVVVPETGEVLCASANGYGKRTPVNDFPTKKRGGKGVIAIKTSERNGELVGAVSIDETKELLLISDGGTLVRTRAAEVAMTGRNAQGVRLIRLSEEETLVGVVSIEAVEDEEELLEGEVDTTETDSEEAVSNNEDTSEE
rps16,SSU ribosomal protein S16p,PGF_00178044,MVVIRLARGGAKKRPFYQIVVTDSRNARDGRFIERIGFFNPTAQGQAEKLRLDADRFAHWVSQGAQPSERVASLAAQAKKATA
rpS20,SSU ribosomal protein S20p,PGF_02454577,MANSAQAKKRARQNVKARKHNASLRSMVRTYIKRTLSAIAGGDYAVATEAYKKAVPVIDRMADKGIIHKNKAARHKSRLNAQVKALAN
rpL18,LSU ribosomal protein L18p (L5e),PGF_00016353,MNEKKQSRLRRAKSTRLHIRALGATRLCVNRTPRHIYAQVISADGGKVLAQASTLDASLRSGTTGNIEAATKVGALIAERAKAAGVTKVAFDRSGFKYHGRIKALADAAREGGLEF
rpL21,LSU ribosomal protein L21p,PGF_04978890,MYAVIQSGGKQHRVVEGETLKVELLKAESGATITFDDVLMVVNGDNIQIGAPVVAGAKVTAEVIGHGRHDKIRIIKMRRRKHYRKQQGHRQWFTELKITGISG
rpL27,LSU ribosomal protein L27p,PGF_00016385,MATKKAGGSTKNGRDSNPKMLGVKVYGGQTVTAGNIIVRQRGTE FHAGANVGMGRDHTLFATADGVVKFEVKGQFGRRYVKVETV
leucyl-tRNA synthetase,Leucyl-tRNA synthetase (EC 6.1.1.4),PGF_06812369,MTISHIDPEYQANTIEPSVQQDWENRKVFKVADTVEGKHRYILSMFPYPSGKLHMGHVRNYTIGDVISRFYRLKGETVLQPMGWDAFGLPAENAAIAHKVAPAKWTFENIAYMRDQLKKLGLSVDWDREFATCTPEYYHWEQWLFVQLYKKGLIYRKLSTVNWDPVDQTVLANEQVENGRGWRSGALVEKRDIPMYYFRITDYAQELLDDLDTLQDGWPQQVLTMQRNWIGRSTGMEITFPSANTEIYADGLTVYTTRADTLMGVTYVAVAAEHPLALKAAENNPELAAFIEECRMGSVAEADLATAEKKGMATGLFVKHPVTGEELPVWIANYVLMSYGSGAVMAVPAHDERDFEFANKFNLPIKQVIDAKGADDADYSATEWQEWYGSKEGKLVNSGEFDGLEFQAAFDAFLAKLEPQGLANSKVQFRLRDWGVSRQRYWGCPIPMINCDTCGQVTVPEDQLPVVLPTDVVPDGSGNPLNKMPEFYETKCPCCGGDARRETDTLDTFVESSWYYARYASPDFTGGMVKPEAAKNWLPVNQYIGGVEHAILHLLYARFFHKLMRDEGVVQGNEPFTNLLTQGMVLADTFYREAENGKKTWFNPADIELERDEKGRIISAKYSGDGQEVIIGGQEKMSKSKNNGIDPQAIIDQYGADTARVFMMFAAPPDQSLEWSDAGVEGANRFLKRVWRLVASFLEKGNSATAIDKANLSKDAQDLRRKTHETIQKVSDDIERRHAFNTAIAALMELLNASNKFEAKDDNDVAVEREAITTLLTLLAPFAPHLSQTLLAQFGTDLTEATFPEVDASALTRNTQTIVVQVNGKLRGKLEVSVDISKDELLAQAKALPEVQQFLTGPTKKEIVVPNKLVNLVV
valyl-tRNA synthetase,Valyl-tRNA synthetase (EC 6.1.1.9),PGF_05500127,MTDAQTAQNIATTYDPTEIEKKWYKTWEEQGYFKPSGHGESFCIMIPPPNVTGSLHMGHGFNNAIMDALTRYNRMMGKNTLWQPGTDHAGIATQMVVERQLGLQGVTRHDLGREKFIEKVWEWKEQSGGTITKQIRRLGSSVDWSRERFTMDEGLSNAVKEVFVRLHEDGLIYRGKRLVNWDPKLQTALSDLEVESKEEKGSLWHFKYFFEDKSVKTQDGKDYLVVATTRPETLLGDTAVAVHPEDERYAHLVGKNIVLPITGRLIPIVADDYVEKDFGTGCVKITPAHDFNDYELGKRNSLPIINIFNKNAEVLGEFEYIAKAGEQISKTITAPADYAGLERFEARKKLVAQAEAEGWLDQIQPYDLKAPRGDRSGVIIEPLLTDQWYVKIAPLAEPAIEAVQDGRIKFVPEQYSNMYMAWMRDIQDWCISRQLWWGHRIPAWYDADGNIYVGRSEEEVRAKNNITADVELKQDEDVLDTWFSSALWTFSTLGWPEQTPELKTFHPTDVLVTGFDIIFFWVARMIMMTMHFMKNEDGSSQIPFKTVYVHGLVRDGEGQKMSKSKGNVLDPLDLIDGIDLESLVAKRTTGLMNPKDAAKIEKSTRKEFPEGINAYGTDAVRFTFCALANTGRDIKFDLKRVEGYRNFCNKIWNATRFVLMNVEGQTVGTDARPDLWELPEQWIISRLQKAEAAVHQAFATYRLDLAAQAIYDFIWNEYCDWYVELTKPVLNDAEVSEERKAEVRRVLLAVMEASLRLAHPLMPYLTEEIWQTLAPMLGQGGPTIMTAQYPIPEQAKINEQAEADMQWLQGLIGAVRNIRGEMGLGNARLLPVLLQNISNAEREQITRIEALFKALAKVESIEFLGKDQEPPLSSSSVVGHASVFVPMKGLIDPKAELARLQKDLDKIQKQHDQIANKLANEGFVSKAPAAVVEGEKAKLAEFAAQLDKVKANMEQIAAL
aspartyl-tRNA synthetase,Aspartyl-tRNA synthetase (EC 6.1.1.12) @ Aspartyl-tRNA(Asn) synthetase (EC 6.1.1.23),PGF_00067467,MMRTHYCGSLTEAQIDQTVTLCGWVHRRRDHGGVIFLDMRDRDGLVQVVIDPDTPEAFATADKARSEYVLKITGRVRRRYEGTENPNMVSGQIEVLGKEIEVLAASETPPFPLNDDTINVSEEHRLKYRFLDIRRPEMLERLRFRSKVTNLIRNYLDDHGFLDVETPILTRATPEGARDYLVPSRVQNGSFYALPQSPQLFKQLLMVGGIDRYYQIAKCFRDEDLRADRQPEFTQIDIETSFLNDDDIMDLMEGMTIKLFNDLLGVKFEKFRRMPYSEAMRDYASDKPDLRIPLKLVDVADLMQEVEFKVFAGPAKDPKGRIAALRVPGAGSLTRSQIDEYTKFVGIYGAKGLAYIKVNEIEKGIEGLQSPIVKFIEPIVMQLLERVGAENGDIVFFGADKAKIVNDAMGALRVKIGHDLNLATCEWAPLWVVDFPMFEETDDGKWTSVHHPFTLPKSSVEDVKSNPGEALSVAYDMVLNGTEVGGGSLRIYTLEMQKAIFEALGISDEEAEEKFSFLLNALRYGAPPHGGLAFGLDRLVMLMTGATSIRDVIAFPKTKTAECPLTQAPAPVEANQLRDLGIRLREQQKKEA
Preprotein translocase subunit SecY,Protein translocase subunit SecY,PGF_05581732,MSPSSSGHVNMMKGQPFHVKYREIIRRMSFLIGALLVFRLGAHIPVPGINNAALENLFHANQGTILGLFNMFSGGALERMSILALGIMPYISASIIVQLMSTVIPSLEALKKEGEQGKRKINQYTRQGTLLLAVVQAVGMCAGLIGQGITLSSGLAFYIPAVTSLVAGTMFLMWLGEQITERGIGNGISMIIFAGIVAGLPKLIMQSVSSVDNGQTSLIGLVIFGLLSLGVLAAIVFIEKAQRRIPVNYAQKQQGRRIFTAQQTHLPLKINMAGVIPAIFASSLLLFPASLGQWVGSADPNAGLIKRSLQDLALVLSPGQPLYLVLFGALIIFFCYFYTALVFSPKEVSENLKRSGAYVPGIRPGEQTARYLDHILNRLTFIGAIYITVICLMPMILQSSFGIPFYLGGTSLLIVVVVVMDFMAQLQAHLTSHQYDNQTLMRKTTAHPKG